<?xml version="1.0" encoding="UTF-8"?>
<!DOCTYPE suite SYSTEM "http://testng.org/testng-1.0.dtd">
<suite name="Suite">

<listeners>


<listener class-name="Prod.ExtentReportsListeners"/>


</listeners>


 <test  name="Forgot Password">
    <classes>
      <class name="grocer.android.cxapp.Forgot_Password"/> 
    
      
    </classes>
    
    
  </test> <!-- Test -->

  
  <test name="Complaints">
      <classes>
  
      <class name="grocer.android.cxapp.Complaint"/>
      
      </classes>
  </test>
 
 

  
  
  
  
</suite> <!-- Suite -->
